{
    "accuracy": 0.7532467532467533,
    "precision": 0.6440677966101694,
    "recall": 0.6909090909090909,
    "f1_score": 0.6666666666666666,
    "roc_auc": 0.8325068870523417
}